Document,Topic0,Topic1,Topic2,Topic3,Topic4,Topic5,Topic6,Topic7,Topic8,Topic9,Dominant_topic
Doc0,0.8,0.87,1.0,0.06,0.42,0.04,0.06,0.01,0.7,0.96,2
Doc1,0.51,0.64,1.0,0.85,0.13,0.89,0.29,0.89,0.05,0.11,2
Doc2,0.29,0.36,0.11,0.74,0.04,0.37,0.36,0.75,0.16,0.83,9
Doc3,0.34,0.07,0.64,0.87,0.19,0.41,0.05,0.15,0.11,0.37,3
Doc4,0.55,0.16,0.66,0.5,0.95,0.35,0.33,0.74,0.29,0.45,4
Doc5,0.18,0.53,0.93,0.28,0.36,0.83,0.19,0.67,0.85,0.62,2
Doc6,0.27,0.41,0.93,0.18,0.04,0.51,0.04,0.93,0.49,0.02,2
Doc7,0.39,0.89,0.78,0.23,0.41,0.41,0.85,0.75,0.83,0.12,1
Doc8,0.8,0.88,0.22,0.17,0.29,0.59,0.81,0.06,0.84,0.72,1
Doc9,0.23,0.06,0.25,0.95,0.91,0.33,0.23,0.63,0.77,0.53,3
Doc10,0.52,0.56,0.51,0.55,0.13,0.29,0.74,0.67,0.62,0.6,6
Doc11,0.46,0.01,0.3,0.65,0.08,0.67,0.89,0.7,0.4,0.78,6
Doc12,0.36,0.62,0.25,0.57,0.42,0.39,0.47,0.23,0.21,0.13,1
Doc13,0.69,0.83,0.94,0.74,0.55,0.79,0.43,0.19,0.14,0.96,9
Doc14,0.09,0.1,0.68,0.65,0.35,0.77,0.9,0.01,0.88,0.04,6
Doc15,0.19,0.14,0.86,0.95,0.92,0.31,0.03,0.2,0.61,0.9,3
Doc16,0.41,0.0,0.26,0.36,0.65,0.78,0.77,0.02,0.72,0.04,5
Doc17,0.26,0.43,0.18,0.75,0.37,0.95,0.04,0.52,0.53,0.25,5
Doc18,0.85,0.48,0.39,0.02,0.14,0.3,0.02,0.27,0.11,0.33,0
Doc19,0.94,0.64,0.53,0.55,0.9,0.21,0.46,0.3,0.66,0.86,0
Doc20,0.4,0.54,0.81,0.36,0.12,0.18,0.56,0.85,0.16,0.1,7
Doc21,0.19,0.52,0.63,0.74,0.14,0.02,0.06,0.79,0.68,0.11,7
Doc22,0.22,0.86,0.24,0.41,0.3,0.2,0.24,0.35,0.07,0.27,1
Doc23,0.73,0.94,0.7,0.95,0.85,0.05,0.56,0.62,0.04,0.75,3
Doc24,0.54,0.51,0.42,0.31,0.73,0.03,0.32,1.0,0.55,0.98,7
Doc25,0.77,0.58,0.3,0.21,0.66,0.59,0.58,0.81,0.11,0.1,7
Doc26,0.29,0.89,0.04,0.71,0.05,0.78,0.42,0.58,0.53,0.29,1
Doc27,0.18,0.67,0.28,0.7,0.19,0.45,0.09,0.83,0.68,0.46,7
Doc28,0.77,0.96,0.22,0.71,0.03,0.56,0.2,0.76,0.26,0.22,1
Doc29,0.71,0.43,0.16,0.55,0.32,0.53,0.93,0.65,0.82,0.1,6
Doc30,0.08,0.29,0.2,0.32,0.47,1.0,0.16,0.73,0.74,0.2,5
Doc31,0.55,0.25,0.31,0.18,0.55,0.38,0.41,0.86,0.05,1.0,9
Doc32,0.78,0.86,0.89,0.41,0.79,0.64,0.01,0.05,0.17,0.78,2
Doc33,0.85,0.34,0.14,0.42,0.3,0.32,0.29,0.46,0.75,0.71,0
Doc34,0.13,0.2,0.79,0.6,0.05,0.61,0.76,0.29,0.02,0.87,9
Doc35,0.68,0.57,0.01,0.64,0.27,0.96,0.27,0.08,0.26,0.75,5
Doc36,0.53,0.86,0.6,0.91,0.93,0.04,0.7,0.41,0.7,0.45,4
Doc37,0.97,0.7,0.81,0.63,0.19,0.17,0.86,0.66,0.61,0.16,0
Doc38,0.53,0.51,0.11,0.06,0.75,0.14,0.44,0.3,0.13,0.26,4
Doc39,0.13,0.52,0.59,0.5,0.26,0.76,0.08,0.08,1.0,0.02,8
Doc40,0.95,0.55,0.91,0.67,0.63,0.93,0.27,0.85,0.64,0.07,0
Doc41,0.07,0.32,0.46,0.11,0.02,0.51,0.97,0.49,0.61,0.63,6
Doc42,0.38,0.49,0.71,0.76,0.29,0.77,0.08,1.0,0.25,0.9,7
Doc43,0.91,0.81,0.98,0.2,0.77,0.84,0.51,0.94,0.88,0.24,2
Doc44,0.14,0.24,0.09,0.86,0.54,0.47,0.31,0.32,0.87,0.88,9
Doc45,0.73,0.69,0.54,0.19,0.83,0.04,0.15,0.79,0.63,0.19,4
Doc46,0.31,0.65,0.19,0.03,0.56,0.38,0.36,0.84,0.16,0.7,7
Doc47,0.76,0.26,0.41,0.66,0.64,0.68,0.28,0.68,0.11,0.82,9
Doc48,0.67,0.81,0.25,0.08,0.64,0.75,0.18,0.72,0.08,0.87,9
Doc49,0.83,0.68,0.13,0.07,0.59,0.28,0.47,0.93,0.35,0.1,7
Doc50,0.35,0.94,0.19,0.4,0.42,0.5,0.67,0.25,0.49,0.64,1
Doc51,0.1,0.37,0.37,0.87,0.57,0.86,0.95,0.91,0.73,0.67,6
Doc52,0.59,0.01,0.26,0.02,0.07,0.29,0.61,0.79,0.22,0.78,7
Doc53,0.91,0.93,0.43,0.12,0.32,0.53,0.98,0.94,0.55,0.48,6
Doc54,0.14,0.57,0.22,0.89,0.28,0.61,0.38,0.5,0.16,0.23,3
Doc55,0.9,0.58,0.66,0.04,0.46,0.54,0.26,0.8,0.47,0.55,0
Doc56,0.75,0.36,0.63,0.02,0.28,0.19,0.13,0.16,0.54,0.49,0
Doc57,0.44,0.49,0.52,0.37,0.51,0.83,0.7,0.07,0.93,0.14,8
Doc58,0.29,0.28,0.43,0.25,0.74,0.84,0.32,0.86,0.1,0.66,7
Doc59,0.06,0.28,0.8,0.41,0.1,0.09,0.84,0.34,0.03,0.51,6
Doc60,0.99,0.82,0.51,0.24,0.64,0.39,0.44,0.35,0.17,0.12,0
Doc61,0.93,0.24,0.82,0.58,0.99,0.64,0.23,0.08,0.3,0.27,4
Doc62,0.96,0.11,0.89,0.98,0.18,0.47,0.81,0.29,0.67,0.35,3
Doc63,0.11,0.17,0.78,0.68,0.44,0.71,0.42,0.79,0.95,0.67,8
Doc64,0.73,0.35,0.25,0.14,0.32,0.3,0.73,0.03,0.92,0.88,8
Doc65,0.58,0.65,0.1,0.63,0.08,0.94,0.32,0.44,0.33,0.12,5
Doc66,0.8,0.22,0.22,0.57,0.77,0.46,0.28,0.63,0.48,0.88,9
Doc67,0.39,0.16,0.53,0.31,0.88,0.24,0.12,0.74,0.96,0.64,8
Doc68,0.35,0.04,0.63,0.57,0.8,0.33,0.67,0.99,0.79,0.39,7
Doc69,0.02,0.98,0.72,0.71,0.85,0.42,0.08,0.64,0.25,0.63,1
Doc70,0.55,0.93,0.38,0.76,0.86,0.37,0.56,1.0,0.65,0.13,7
Doc71,0.26,0.09,0.97,0.5,0.99,0.05,0.34,0.24,0.58,0.68,4
Doc72,0.98,0.1,0.44,0.73,0.9,0.82,0.71,0.86,0.53,0.09,0
Doc73,0.81,0.49,0.73,0.69,0.58,0.19,0.8,0.02,0.09,0.81,0
Doc74,0.85,0.31,0.61,0.55,0.31,0.69,0.98,0.33,0.36,0.73,6
Doc75,0.96,0.83,0.41,0.01,0.52,0.84,0.26,0.08,0.57,0.06,0
Doc76,0.92,0.34,0.91,0.79,0.35,0.65,0.69,0.92,0.36,0.23,0
Doc77,0.08,0.96,0.47,0.35,0.15,0.33,0.9,0.42,0.32,0.44,1
Doc78,0.46,0.8,0.63,0.79,0.15,0.01,0.57,0.92,0.47,0.14,7
Doc79,0.72,0.19,0.08,0.97,0.4,0.79,0.69,0.6,0.24,0.83,3
Doc80,0.57,0.05,0.65,0.95,0.65,0.78,0.49,0.9,0.35,0.87,3
Doc81,0.71,0.96,0.54,0.36,0.85,0.98,0.08,0.65,0.96,0.58,5
Doc82,0.13,0.63,0.48,0.07,0.06,0.61,0.19,0.65,0.25,0.45,7
Doc83,0.19,0.28,0.09,0.81,0.78,0.08,0.75,0.67,0.12,0.15,3
Doc84,0.8,0.93,0.15,0.23,0.85,0.43,0.08,0.42,0.64,0.2,1
Doc85,0.46,0.67,0.93,0.22,0.28,0.04,0.26,0.91,0.16,0.98,9
Doc86,0.07,0.32,0.39,0.61,0.66,0.41,0.81,0.66,0.85,0.87,9
Doc87,0.21,0.01,0.06,0.23,0.99,0.61,0.92,0.8,0.99,0.33,4
Doc88,0.64,0.72,0.35,0.53,0.9,0.99,0.45,0.57,1.0,0.14,8
Doc89,0.64,0.24,0.45,0.43,0.78,0.35,0.91,0.63,0.57,0.59,6
Doc90,0.15,0.85,0.93,0.03,0.63,0.09,0.32,0.16,0.68,0.26,2
Doc91,0.1,0.58,0.43,0.32,0.02,0.96,0.13,0.48,0.77,0.02,5
Doc92,0.29,0.9,0.81,0.95,0.33,0.71,0.18,0.53,0.34,0.5,3
Doc93,0.51,0.38,0.13,0.55,0.64,0.13,0.35,0.88,0.96,0.38,8
Doc94,0.8,0.37,0.56,0.85,0.26,0.41,0.63,0.49,0.93,0.65,8
Doc95,0.68,0.68,0.91,0.89,0.47,0.65,0.53,0.34,0.17,0.01,2
Doc96,0.15,0.41,0.79,0.26,0.88,0.59,0.68,0.5,0.61,0.27,4
Doc97,0.6,0.23,0.95,0.34,0.36,0.35,0.63,0.34,0.01,0.61,2
Doc98,0.06,0.96,0.41,0.51,0.87,0.18,0.67,0.43,0.36,0.26,1
Doc99,0.67,0.21,0.01,0.36,0.95,0.07,0.54,0.25,0.0,0.07,4
Doc100,0.79,0.89,0.25,0.2,0.42,0.44,0.98,0.08,0.11,0.01,6
Doc101,0.09,0.51,0.68,0.99,0.84,0.72,0.82,0.22,0.12,0.54,3
Doc102,0.88,0.06,0.59,0.07,0.38,0.78,0.79,0.7,0.53,0.6,0
Doc103,0.36,0.01,0.37,1.0,0.86,0.55,0.04,0.95,0.93,0.05,3
Doc104,0.79,0.96,0.06,0.56,0.71,0.38,0.55,0.63,0.92,0.12,1
Doc105,0.4,0.74,0.77,0.62,0.34,0.69,0.64,0.48,0.58,0.89,9
Doc106,0.91,0.34,0.2,0.28,0.73,0.06,1.0,0.64,0.06,0.29,6
Doc107,0.63,0.97,0.98,0.77,0.65,0.35,0.41,0.82,0.13,0.92,2
Doc108,0.95,0.51,0.6,0.84,0.74,0.1,0.96,0.8,0.23,0.25,6
Doc109,0.28,0.03,0.39,0.14,0.81,0.06,0.61,0.84,0.21,0.21,7
Doc110,0.36,0.31,0.93,0.01,0.96,0.5,0.29,0.02,0.21,0.42,4
Doc111,0.75,0.19,0.24,0.16,0.75,0.22,0.13,0.91,0.88,0.16,7
Doc112,0.46,0.19,0.58,0.56,0.72,0.21,0.89,0.66,0.34,0.68,6
Doc113,0.0,0.69,0.77,0.7,0.77,0.6,0.49,0.38,0.5,0.85,9
Doc114,0.81,0.46,0.24,0.96,0.16,0.7,0.21,0.79,0.14,0.87,3
Doc115,0.83,0.2,0.46,0.1,0.89,0.16,0.82,0.82,0.11,0.65,4
Doc116,0.08,0.92,0.53,0.45,0.6,0.04,0.33,0.33,0.08,0.53,1
Doc117,0.58,0.42,0.04,0.66,0.48,0.2,0.94,0.33,0.04,0.17,6
Doc118,0.8,0.7,0.86,0.89,0.63,0.67,0.28,0.7,0.16,0.16,3
Doc119,0.83,0.04,0.18,0.44,0.71,0.08,0.86,0.76,0.81,0.34,6
Doc120,0.58,0.34,0.16,0.85,0.07,0.98,0.75,0.78,0.5,0.73,5
Doc121,0.34,0.4,0.16,0.66,0.79,0.42,0.86,0.83,0.19,0.03,6
Doc122,0.98,0.37,0.75,0.13,0.1,0.09,0.77,0.99,0.53,0.6,7
Doc123,0.21,0.06,0.66,1.0,0.88,0.93,0.33,0.33,0.01,0.31,3
Doc124,0.6,0.3,0.76,0.07,0.96,0.75,0.4,0.35,0.5,0.24,4
Doc125,0.45,0.14,0.25,0.62,0.61,0.78,0.63,0.87,0.03,0.95,9
Doc126,0.05,0.19,0.66,0.54,0.09,0.36,0.15,0.81,0.53,0.61,7
Doc127,0.27,0.54,0.21,0.52,0.46,0.98,0.99,0.21,0.8,0.61,6
Doc128,0.14,0.53,0.0,0.02,0.71,0.05,0.98,0.02,0.25,0.6,6
Doc129,0.56,0.47,0.74,1.0,0.38,0.4,0.37,0.57,0.12,0.14,3
Doc130,0.3,0.66,0.28,0.03,0.58,0.86,0.29,0.81,0.51,0.86,5
Doc131,0.81,0.25,0.64,0.36,0.5,0.13,0.18,0.4,0.07,0.79,0
Doc132,0.89,0.64,0.9,0.43,0.96,0.29,0.44,0.76,0.72,0.12,4
Doc133,0.88,0.72,0.38,0.89,0.81,0.46,0.78,0.39,0.86,0.05,3
Doc134,0.79,0.66,0.13,0.58,0.66,0.42,0.11,0.0,0.4,0.19,0
Doc135,0.32,0.45,0.02,0.45,0.72,0.18,0.9,0.55,0.23,0.34,6
Doc136,0.04,0.09,0.37,0.35,0.33,0.32,0.58,0.61,0.78,0.71,8
Doc137,0.64,0.19,0.03,0.29,0.86,0.09,0.15,0.84,0.91,0.22,8
Doc138,0.54,0.67,0.17,0.11,0.77,0.84,0.67,0.42,0.49,0.72,5
Doc139,0.19,0.98,0.06,0.8,0.18,0.59,0.49,0.96,0.05,0.15,1
Doc140,0.15,0.25,0.16,0.26,0.98,0.53,0.41,0.31,0.98,0.2,4
Doc141,0.26,0.96,0.33,0.5,0.23,0.5,0.39,0.8,0.6,0.87,1
Doc142,0.45,0.8,0.16,0.77,0.81,0.01,0.84,0.56,0.82,0.47,6
Doc143,0.77,0.45,0.11,0.33,0.72,0.88,0.62,0.58,0.4,0.17,5
Doc144,0.52,0.02,0.68,0.69,0.07,0.1,0.71,0.31,0.7,0.85,9
Doc145,0.81,0.46,0.23,0.27,0.45,0.28,0.44,0.84,0.88,0.6,8
Doc146,0.74,0.81,0.66,0.01,0.26,0.95,0.26,0.19,0.44,0.32,5
Doc147,0.21,0.84,0.27,0.27,0.86,0.72,0.38,0.61,0.01,0.26,4
Doc148,0.81,0.48,0.95,0.45,0.12,0.1,0.71,0.29,0.85,0.96,9
Doc149,0.28,0.05,0.82,0.54,0.28,0.62,0.46,0.85,0.36,0.23,7
Doc150,0.02,0.08,0.97,0.45,0.38,0.39,0.9,0.5,0.69,0.09,2
Doc151,0.21,0.61,0.28,0.16,0.22,0.01,0.93,0.97,0.46,0.65,7
Doc152,0.72,0.82,0.69,0.74,0.54,0.26,0.48,0.24,0.93,0.28,8
Doc153,0.03,0.33,0.49,0.65,0.09,0.85,0.45,0.79,0.69,0.45,5
Doc154,0.08,0.15,0.17,0.72,0.58,0.98,0.83,0.89,0.54,0.29,5
Doc155,0.52,0.06,0.37,0.47,0.69,0.42,0.25,0.57,0.83,0.78,8
Doc156,0.88,0.87,0.11,0.93,0.31,0.59,0.96,0.39,0.51,0.27,6
Doc157,0.59,0.1,0.31,0.86,0.9,0.57,0.44,0.5,0.11,0.85,4
Doc158,0.75,0.44,0.82,0.33,0.58,0.46,0.85,0.52,0.56,0.8,6
Doc159,0.42,0.88,0.83,0.99,0.3,0.77,0.73,0.27,0.93,0.93,3
Doc160,0.24,0.15,0.97,0.07,0.19,0.42,0.79,0.87,0.92,0.57,2
Doc161,0.17,0.12,0.93,0.33,0.31,0.14,0.38,0.04,0.17,0.11,2
Doc162,0.74,0.33,0.32,0.17,0.81,0.64,0.14,0.89,0.34,0.26,7
Doc163,0.34,0.51,0.34,0.62,0.3,0.06,0.35,0.28,0.09,0.53,3
Doc164,0.27,0.06,0.2,0.3,0.32,0.4,0.39,0.4,0.51,0.19,8
Doc165,0.29,0.25,0.44,0.26,0.51,0.25,0.79,0.33,0.25,0.62,6
Doc166,0.1,0.56,0.83,0.8,0.28,0.86,0.06,0.2,0.44,0.86,5
Doc167,0.98,0.2,0.93,0.56,0.66,0.7,0.33,1.0,0.72,0.35,7
Doc168,0.28,0.58,0.3,0.99,0.18,0.21,0.38,0.87,0.02,0.65,3
Doc169,0.38,0.89,0.22,0.89,0.66,0.1,0.84,0.09,0.67,0.2,1
Doc170,0.0,0.64,0.32,0.16,0.78,0.68,0.45,0.7,0.88,0.49,8
Doc171,0.29,0.14,0.35,0.18,0.43,0.15,0.74,0.76,0.36,0.6,7
Doc172,0.87,0.31,0.44,0.78,0.5,0.28,0.83,0.98,0.41,0.04,7
Doc173,0.45,0.52,0.75,0.76,0.62,0.85,0.05,0.75,0.5,0.61,5
Doc174,0.62,0.73,0.25,0.58,0.26,0.67,0.5,0.37,0.69,0.36,1
Doc175,0.3,0.9,0.36,0.49,0.52,0.1,0.44,0.92,0.87,0.64,7
Doc176,0.22,0.33,0.29,0.79,0.8,0.04,0.69,0.57,0.4,0.2,4
Doc177,0.12,0.7,0.6,0.46,0.86,1.0,0.48,0.25,0.97,0.63,5
Doc178,0.96,0.86,0.49,0.44,0.73,0.15,0.88,0.51,0.73,0.4,0
Doc179,0.32,0.62,0.24,0.19,0.6,0.31,0.96,0.36,0.86,0.55,6
Doc180,0.09,0.88,0.52,0.5,0.08,0.98,0.14,0.63,0.69,0.87,5
Doc181,0.14,0.2,0.92,0.96,0.9,0.01,1.0,0.94,0.46,0.58,6
Doc182,0.73,0.29,0.51,0.85,0.43,0.89,0.04,0.33,0.88,0.92,9
Doc183,0.77,0.04,0.97,0.32,0.39,0.43,0.55,0.34,0.19,0.59,2
Doc184,0.18,0.11,0.39,0.91,0.07,0.77,0.38,0.15,0.08,0.21,3
Doc185,0.59,0.11,0.07,0.52,0.56,0.17,0.66,0.05,0.12,0.57,6
Doc186,0.04,0.45,0.68,0.83,0.04,0.51,0.23,0.96,0.22,0.6,7
Doc187,0.71,0.83,0.44,0.92,0.38,0.64,0.29,0.29,0.82,0.48,3
Doc188,0.09,0.79,0.92,0.47,0.27,0.14,0.35,0.22,0.21,0.3,2
Doc189,0.4,0.07,0.1,0.02,0.15,0.8,0.95,0.12,0.84,0.56,6
Doc190,0.03,0.24,0.47,0.13,0.36,0.66,0.35,0.14,0.21,0.42,5
Doc191,0.75,0.56,0.73,0.37,0.04,0.32,0.63,0.17,1.0,0.83,8
Doc192,0.68,0.8,0.21,0.86,0.6,0.25,0.45,0.6,0.63,0.34,3
Doc193,0.89,0.52,0.44,0.1,0.4,0.24,0.11,0.19,0.72,0.82,0
Doc194,0.01,0.86,0.09,0.04,0.91,0.27,0.13,0.25,0.59,1.0,9
Doc195,0.95,0.38,0.94,0.04,0.24,0.19,0.22,0.68,0.25,0.47,0
Doc196,0.86,0.01,0.05,0.37,0.58,0.97,0.52,0.39,0.08,0.4,5
Doc197,0.32,0.15,0.36,0.36,0.19,0.21,0.14,0.99,0.14,0.22,7
Doc198,0.52,0.85,0.52,0.61,0.43,0.89,0.23,0.02,0.36,0.99,9
Doc199,0.72,0.09,0.65,0.11,0.15,0.34,0.03,0.42,0.38,0.2,0
Doc200,0.83,0.66,0.32,0.81,0.81,0.09,0.99,0.39,0.02,0.66,6
Doc201,0.22,0.96,0.42,0.02,0.5,0.21,0.38,0.53,0.92,0.81,1
Doc202,0.22,0.35,0.72,0.62,0.35,0.07,0.0,0.97,0.52,0.67,7
Doc203,0.7,0.37,0.49,0.13,0.4,0.19,0.6,0.8,0.57,0.18,7
Doc204,0.87,0.44,0.93,0.42,0.53,0.52,0.33,0.17,0.99,0.65,8
Doc205,0.3,0.94,0.26,0.07,0.22,0.78,0.08,0.13,0.0,0.26,1
Doc206,0.02,0.87,0.21,0.38,0.93,0.26,0.83,0.47,0.62,0.49,4
Doc207,0.86,0.66,0.81,0.38,0.12,0.08,0.34,0.48,0.85,0.96,9
Doc208,0.98,0.36,0.4,0.73,0.26,0.09,0.56,0.94,0.15,0.3,0
Doc209,0.19,0.16,0.94,0.36,0.63,0.65,0.25,0.73,0.27,0.47,2
Doc210,0.68,0.88,0.17,0.89,0.62,0.07,0.79,0.42,0.34,0.29,3
Doc211,0.98,0.31,0.57,0.77,0.92,0.52,0.64,0.84,0.94,0.45,0
Doc212,0.18,0.59,0.23,0.2,0.37,0.92,0.55,0.78,0.49,0.67,5
Doc213,0.06,0.85,0.77,0.82,0.76,0.58,0.3,0.22,0.63,0.33,1
Doc214,0.15,0.26,0.3,0.62,0.87,0.45,0.44,0.05,0.15,0.97,9
Doc215,0.01,0.35,0.56,0.25,0.19,0.95,0.81,0.69,0.8,0.12,5
Doc216,0.3,0.35,0.62,0.35,0.85,0.29,0.12,0.35,0.76,0.43,4
Doc217,0.69,0.36,0.3,0.61,0.51,0.36,0.84,0.89,0.59,0.1,7
Doc218,0.58,0.19,0.19,0.25,0.46,0.52,0.47,0.3,0.43,0.86,9
Doc219,0.58,0.44,0.01,0.74,0.91,0.1,0.32,0.9,0.85,0.13,4
Doc220,0.73,0.54,0.7,0.34,0.59,0.96,0.88,0.54,0.23,0.82,5
Doc221,0.77,0.38,0.66,0.83,0.17,0.37,0.04,0.92,0.27,0.39,7
Doc222,0.35,0.54,0.92,0.64,0.32,0.31,0.34,0.31,0.34,0.51,2
Doc223,0.09,0.48,0.86,0.03,0.45,0.74,0.63,0.01,0.37,0.13,2
Doc224,0.88,0.73,0.6,0.42,0.82,0.89,0.33,0.02,0.46,0.34,5
Doc225,0.67,0.92,0.59,0.82,0.55,0.16,0.41,0.67,0.07,0.87,1
Doc226,0.66,0.35,0.18,0.39,0.44,0.72,0.76,0.61,0.12,0.69,6
Doc227,0.29,0.87,0.48,0.99,0.97,0.57,0.48,0.91,1.0,0.76,8
Doc228,0.7,0.32,0.7,0.28,0.87,0.53,0.01,0.11,0.41,0.54,4
Doc229,0.11,0.83,0.35,0.19,0.39,0.04,0.1,0.27,0.52,0.51,1
Doc230,0.94,0.22,0.91,0.94,0.95,0.48,0.78,0.51,0.97,0.37,8
Doc231,0.71,0.52,0.04,0.9,0.65,0.33,0.96,0.41,0.37,0.12,6
Doc232,0.34,0.55,0.9,0.27,0.56,0.35,0.12,0.83,0.73,0.42,2
Doc233,0.62,0.4,0.3,0.24,0.67,0.68,0.12,0.25,0.95,0.42,8
Doc234,0.64,0.59,0.67,0.76,0.17,0.78,0.88,0.22,0.24,0.79,6
Doc235,0.16,0.06,0.63,0.78,0.31,0.69,0.76,0.34,0.12,0.11,3
Doc236,0.51,0.99,0.68,0.35,0.93,0.47,0.28,0.16,0.0,0.68,1
Doc237,0.65,0.29,0.52,0.43,0.53,0.76,0.9,0.23,0.04,0.53,6
Doc238,0.36,0.51,0.12,0.67,0.98,0.1,0.1,0.28,0.55,0.1,4
Doc239,0.53,0.8,0.0,0.54,0.18,0.54,0.47,0.15,0.57,0.77,1
Doc240,0.68,0.3,0.48,0.59,0.21,0.35,0.16,0.99,0.04,0.09,7
Doc241,0.82,0.51,0.08,0.82,0.72,0.7,0.7,0.87,0.83,0.87,7
Doc242,0.95,0.71,0.31,0.68,0.96,0.2,0.96,0.03,0.42,0.09,4
Doc243,0.51,0.34,0.06,0.7,0.52,0.12,0.64,0.71,0.22,0.08,7
Doc244,0.85,0.28,0.73,0.48,0.57,0.79,0.28,0.19,0.97,0.59,8
Doc245,0.69,0.17,0.31,0.11,0.46,0.82,0.33,0.69,0.29,0.03,5
Doc246,0.62,0.52,0.54,0.01,0.37,0.07,0.05,0.29,0.21,0.12,0
Doc247,0.86,0.05,0.71,0.19,0.52,0.64,0.89,0.76,0.41,0.21,6
Doc248,0.76,0.9,0.4,0.67,0.69,0.6,0.88,0.14,0.41,0.51,1
Doc249,0.34,0.51,0.56,0.56,0.53,0.82,0.88,0.94,0.67,0.12,7
Doc250,0.05,0.83,0.07,0.38,0.6,0.04,0.18,0.48,0.02,0.66,1
Doc251,0.27,0.37,0.32,0.34,0.84,0.17,0.51,0.52,0.28,0.3,4
Doc252,0.98,0.68,0.37,0.41,0.81,0.03,0.91,0.74,0.79,0.41,0
Doc253,0.95,0.65,0.56,0.99,0.69,0.48,0.19,0.48,0.9,0.47,3
Doc254,0.6,0.52,0.55,0.88,0.94,0.14,0.15,0.19,0.09,0.9,4
Doc255,0.6,0.62,0.48,0.29,0.75,0.39,0.31,0.51,0.03,0.36,4
Doc256,0.34,0.09,0.53,0.18,0.77,0.54,0.21,0.77,0.94,0.53,8
Doc257,0.93,0.81,0.3,0.05,0.8,0.53,0.82,0.0,0.93,0.3,0
Doc258,0.06,0.12,0.46,0.04,0.58,0.44,0.68,0.41,0.06,0.55,6
Doc259,0.42,0.69,0.9,0.95,0.16,0.44,0.64,0.76,0.54,0.13,3
Doc260,0.97,0.95,0.39,0.95,0.09,0.65,0.86,0.85,0.83,0.98,9
Doc261,0.69,0.99,0.04,1.0,0.83,0.62,0.52,0.92,0.69,0.98,3
Doc262,0.88,0.96,0.16,0.26,0.38,0.75,0.21,0.03,0.68,0.78,1
Doc263,0.01,0.29,0.24,0.44,0.64,0.8,0.01,0.15,0.27,0.45,5
Doc264,0.08,0.79,0.25,0.12,0.19,0.2,0.54,0.52,0.95,0.93,8
Doc265,0.65,0.01,0.49,0.15,0.44,0.51,0.32,0.54,0.76,0.35,8
Doc266,0.13,0.15,0.29,0.49,0.13,0.94,0.23,0.98,0.83,0.58,7
Doc267,0.85,0.65,0.1,0.44,0.32,0.22,0.95,0.42,0.96,0.24,8
Doc268,0.07,0.57,0.02,0.73,0.86,0.84,0.05,0.42,0.26,0.68,4
Doc269,0.88,0.69,0.57,0.66,0.58,0.41,0.12,0.59,0.8,0.95,9
Doc270,0.79,0.69,0.74,0.84,0.74,0.9,0.49,0.54,0.52,0.45,5
Doc271,0.22,0.51,0.01,0.95,0.49,0.01,0.04,0.97,0.57,0.57,7
Doc272,0.55,0.1,0.35,0.23,0.26,0.13,0.93,0.73,0.44,0.04,6
Doc273,0.16,1.0,0.89,0.42,0.38,0.7,0.13,0.12,0.16,0.97,1
Doc274,0.31,0.75,0.15,0.34,0.35,0.34,0.52,0.41,0.93,0.24,8
Doc275,0.11,0.87,0.91,0.4,0.06,0.11,0.49,0.89,0.99,0.53,8
Doc276,0.37,0.01,0.23,0.15,0.65,0.37,0.69,0.98,0.13,0.79,7
Doc277,0.68,0.06,0.05,0.19,0.82,0.45,0.29,0.34,0.26,0.12,4
Doc278,0.55,0.46,0.39,0.83,0.26,0.57,0.07,0.51,0.83,0.27,3
Doc279,0.11,0.36,0.67,0.72,0.71,0.21,0.67,0.86,0.34,0.68,7
Doc280,0.26,0.33,0.22,0.4,0.65,0.18,0.7,0.49,0.12,0.28,6
Doc281,0.07,0.9,0.59,0.96,0.03,0.83,0.84,0.15,0.07,0.81,3
Doc282,0.37,0.59,0.1,0.08,0.54,0.97,0.15,0.59,0.74,0.05,5
Doc283,0.63,0.89,0.81,0.01,0.96,0.84,0.34,0.99,0.54,0.65,7
Doc284,0.15,0.32,0.41,0.5,1.0,0.33,0.12,0.68,0.52,0.79,4
Doc285,0.07,0.44,0.27,0.47,0.57,0.43,0.24,0.74,0.62,0.01,7
Doc286,0.03,0.42,0.8,0.5,0.13,0.83,0.74,0.86,0.22,0.16,7
Doc287,0.29,0.93,0.14,0.74,0.82,0.43,0.9,0.29,0.06,0.48,1
Doc288,0.65,0.1,0.25,0.86,0.67,0.18,0.85,0.46,0.15,0.34,3
Doc289,0.19,0.56,0.13,0.77,0.94,0.74,0.11,0.95,0.04,0.25,7
Doc290,0.68,0.28,0.96,0.14,0.13,0.76,0.02,0.96,0.6,0.64,2
Doc291,0.42,0.33,0.96,0.68,0.34,0.74,0.59,0.9,0.75,0.31,2
Doc292,0.85,0.79,0.96,0.51,0.12,0.7,0.26,0.41,0.44,0.59,2
Doc293,0.13,0.58,0.89,0.36,0.81,0.88,0.56,0.95,0.63,0.99,9
Doc294,0.31,0.56,0.21,0.09,0.51,0.15,0.05,0.47,0.41,0.88,9
Doc295,0.27,0.53,0.3,0.5,0.43,0.65,0.64,0.97,0.87,0.6,7
Doc296,0.73,0.4,0.61,0.32,0.21,0.8,0.98,0.03,0.95,0.22,6
Doc297,0.4,0.07,0.13,0.56,0.23,0.57,0.79,0.15,0.37,0.68,6
Doc298,0.98,0.83,0.12,0.8,0.03,0.56,0.09,0.96,0.22,0.41,0
Doc299,0.54,0.91,0.82,0.31,0.7,0.31,0.15,0.8,0.79,0.81,1
Doc300,0.03,0.92,0.75,0.62,0.59,0.58,0.34,0.21,0.18,0.35,1
Doc301,0.4,0.43,0.14,0.72,0.95,0.2,0.65,0.86,0.9,0.08,4
Doc302,0.76,0.6,0.07,0.78,0.92,0.09,0.93,0.94,0.16,0.81,7
Doc303,0.02,0.33,0.71,0.01,0.28,0.64,0.09,0.06,0.53,0.59,2
Doc304,0.11,0.81,0.96,0.47,0.18,0.74,0.06,0.18,0.55,0.77,2
Doc305,0.93,0.1,0.82,0.07,0.99,0.27,0.77,0.8,0.89,0.33,4
Doc306,0.17,0.62,0.07,0.05,0.56,0.62,0.24,0.47,0.42,0.44,1
Doc307,0.5,0.36,0.48,0.32,0.31,0.15,0.21,0.17,0.01,0.32,0
Doc308,0.46,0.75,0.94,0.49,0.28,0.26,0.25,0.51,0.42,0.01,2
Doc309,1.0,0.69,0.77,0.88,0.89,0.78,0.4,0.45,0.21,0.99,0
Doc310,0.21,0.44,0.04,0.02,0.66,0.95,0.12,0.06,0.3,0.9,5
Doc311,0.28,0.82,0.05,0.09,0.29,0.44,0.71,0.93,0.25,0.33,7
Doc312,0.62,0.5,0.1,0.24,0.06,0.42,0.35,0.47,0.83,0.58,8
Doc313,0.4,0.48,0.09,0.41,0.69,0.94,0.02,0.47,0.98,0.26,8
Doc314,0.7,0.61,0.35,0.91,0.6,0.06,0.83,0.23,0.32,0.03,3
Doc315,0.89,0.22,0.91,0.77,0.89,0.94,0.58,0.27,0.04,0.17,5
Doc316,0.76,0.88,0.39,0.39,0.12,0.11,0.9,0.33,0.26,0.46,6
Doc317,0.21,0.21,0.15,0.53,0.72,0.96,0.93,0.6,0.38,0.51,5
Doc318,0.08,0.83,0.31,0.36,0.56,0.45,0.96,0.19,0.78,0.52,6
Doc319,0.26,0.25,0.33,0.07,0.27,0.97,0.8,0.78,0.91,0.37,5
Doc320,0.7,0.88,0.24,0.88,0.71,0.24,0.02,0.48,0.93,0.62,8
Doc321,0.75,0.7,0.98,0.26,0.62,0.54,0.47,0.18,0.86,0.92,2
Doc322,0.08,0.1,0.83,0.57,0.1,0.41,0.66,0.11,0.43,0.82,2
Doc323,0.5,0.01,0.62,0.07,0.61,0.93,0.02,0.34,0.17,0.2,5
Doc324,0.43,0.36,0.83,0.68,0.74,0.95,0.45,0.1,0.91,0.35,5
Doc325,0.4,0.76,0.25,0.0,0.88,0.27,0.88,0.66,0.5,0.87,4
Doc326,0.56,0.22,0.93,0.8,0.07,0.1,0.81,0.2,0.13,0.05,2
Doc327,0.89,0.17,0.13,0.16,0.2,0.35,0.23,0.18,0.11,0.44,0
Doc328,0.25,0.28,0.39,0.17,0.84,0.51,0.78,0.76,0.65,0.02,4
Doc329,0.4,0.73,0.23,0.57,0.16,0.48,0.92,0.19,0.29,0.64,6
Doc330,0.63,0.68,0.57,0.1,0.66,0.71,0.19,0.64,0.98,0.89,8
Doc331,0.09,0.11,0.59,0.52,0.82,0.54,0.03,0.04,0.76,0.72,4
Doc332,0.47,0.67,0.36,0.44,0.69,0.49,0.59,0.72,0.49,0.73,9
Doc333,0.03,0.21,0.88,0.01,0.97,0.02,0.64,0.33,0.86,0.71,4
Doc334,0.18,0.06,0.93,0.46,0.26,0.61,0.69,0.35,0.89,0.88,2
Doc335,0.91,0.74,0.21,0.75,0.3,0.31,0.62,0.72,0.56,0.48,0
Doc336,0.33,0.38,0.41,0.9,0.04,0.47,0.19,0.55,0.54,0.6,3
Doc337,0.44,0.85,0.37,0.6,0.34,0.3,0.82,0.3,0.34,0.86,9
Doc338,0.32,0.68,0.3,0.37,0.16,0.13,0.03,0.93,0.35,0.25,7
Doc339,0.72,0.6,0.24,0.35,0.85,0.28,0.24,0.88,0.21,0.15,7
Doc340,0.01,0.64,0.1,0.25,0.99,0.79,0.35,0.13,0.94,0.48,4
Doc341,0.12,0.75,0.37,0.1,0.97,0.71,0.64,0.53,0.78,0.67,4
Doc342,0.48,0.16,0.4,0.58,0.74,0.8,0.64,0.37,0.99,0.97,8
Doc343,0.0,0.18,0.63,0.73,0.96,0.1,0.6,0.49,0.19,0.65,4
Doc344,0.43,0.0,0.92,0.73,0.66,0.73,0.94,0.51,0.17,0.54,6
Doc345,0.71,0.26,0.94,0.45,0.5,0.65,0.4,0.78,0.97,0.08,8
Doc346,0.37,0.47,0.69,0.17,0.47,0.94,0.41,0.02,0.45,0.86,5
Doc347,0.01,0.35,0.64,0.43,0.85,0.79,0.81,0.22,0.3,0.29,4
Doc348,0.78,0.52,0.3,0.23,0.1,0.06,0.48,0.29,0.74,0.21,0
Doc349,0.34,0.6,0.18,0.89,0.09,0.18,0.65,0.04,0.97,0.41,8
Doc350,0.25,0.2,0.08,0.31,0.08,0.92,0.35,0.98,0.56,0.36,7
Doc351,0.56,0.99,0.83,0.59,0.9,0.12,0.18,0.1,0.65,0.94,1
Doc352,0.37,0.32,0.7,0.85,0.06,0.21,0.69,0.5,0.14,0.1,3
Doc353,0.75,0.61,0.56,0.3,0.74,0.72,0.96,0.71,0.03,0.92,6
Doc354,0.63,0.65,0.11,0.62,0.85,0.32,0.25,0.19,0.02,0.57,4
Doc355,0.34,0.26,0.78,0.49,0.28,0.78,0.71,0.29,0.62,0.66,2
Doc356,0.55,0.73,0.15,0.75,0.59,0.73,0.85,0.09,0.04,0.89,9
Doc357,0.29,0.96,0.1,0.98,1.0,0.15,0.46,0.2,0.01,0.58,4
Doc358,0.55,0.96,0.62,0.81,0.99,0.81,0.52,0.75,0.51,0.88,4
Doc359,0.13,0.63,0.13,0.28,0.06,0.6,0.05,0.5,0.03,0.37,1
Doc360,0.86,0.24,0.8,0.4,0.6,0.84,0.34,0.0,0.93,0.94,9
Doc361,0.47,0.75,0.61,0.46,0.88,0.28,0.49,0.7,0.36,0.47,4
Doc362,0.52,0.59,0.39,0.78,0.7,0.4,0.52,0.77,0.16,0.66,3
Doc363,0.78,0.76,0.51,0.39,0.6,0.69,0.86,0.56,0.76,0.36,6
Doc364,0.51,0.44,0.43,0.56,0.8,0.76,0.96,0.82,0.8,0.31,6
Doc365,0.92,0.24,0.56,0.56,0.65,0.11,0.39,0.64,0.5,0.71,0
Doc366,0.63,0.43,0.63,0.26,0.78,0.39,0.8,0.98,0.73,0.77,7
Doc367,0.32,0.67,0.91,0.91,0.34,0.08,0.34,0.65,0.26,0.86,2
Doc368,0.6,0.5,0.76,0.38,0.22,0.39,0.61,0.93,0.15,0.89,7
Doc369,0.03,0.06,0.85,0.18,0.6,0.44,0.29,0.6,0.84,0.03,2
Doc370,0.53,0.21,0.06,0.26,0.77,0.35,0.45,0.85,0.61,0.88,9
Doc371,0.93,0.25,0.91,0.95,0.36,0.44,0.44,0.62,0.53,0.79,3
Doc372,0.97,0.3,0.65,0.26,0.8,0.32,0.36,0.62,0.17,0.47,0
Doc373,0.65,0.22,0.95,0.49,0.14,0.68,0.71,0.04,0.81,0.28,2
Doc374,0.17,0.77,0.8,0.66,0.94,0.86,0.73,0.53,0.68,0.38,4
Doc375,0.6,0.79,0.65,0.14,0.88,0.21,0.39,0.59,0.16,0.1,4
Doc376,0.32,0.38,0.3,0.26,0.35,0.87,0.2,0.72,0.46,0.87,5
Doc377,0.29,0.47,0.32,0.68,0.56,0.37,0.6,0.25,0.86,0.05,8
Doc378,0.31,0.59,0.89,0.58,0.44,0.84,0.93,0.88,0.18,0.32,6
Doc379,0.15,0.16,0.63,0.59,0.69,0.5,0.59,0.05,0.61,0.16,4
Doc380,0.45,0.16,0.49,0.64,0.13,0.0,0.89,0.13,0.33,0.02,6
Doc381,0.71,0.79,0.56,0.65,0.43,0.82,0.4,0.19,0.88,0.19,8
Doc382,0.45,0.43,0.28,0.56,0.42,0.63,0.24,0.26,0.9,0.18,8
Doc383,0.25,0.48,0.87,0.65,0.81,0.82,0.0,0.34,0.28,0.56,2
Doc384,0.38,0.37,0.15,0.02,0.24,0.63,0.51,0.43,0.01,0.52,5
Doc385,0.89,0.18,0.76,0.99,0.97,0.48,0.54,0.56,0.59,0.0,3
Doc386,0.35,0.27,0.65,0.44,0.05,0.96,0.53,0.05,0.76,0.74,5
Doc387,0.92,0.09,0.24,0.29,0.24,0.85,0.77,0.97,0.12,0.78,7
Doc388,0.26,0.5,0.54,0.78,0.29,0.69,0.49,0.27,0.9,0.07,8
Doc389,0.03,0.94,0.96,0.49,0.36,0.21,0.85,0.09,0.2,0.39,2
Doc390,0.69,0.82,0.15,0.68,0.98,0.29,0.28,0.06,0.4,0.71,4
Doc391,0.28,0.95,0.62,0.51,0.2,0.86,0.56,0.64,0.83,0.09,1
Doc392,0.95,0.44,0.13,0.1,0.85,0.55,0.17,0.19,0.29,0.78,0
Doc393,0.31,0.55,0.03,0.38,0.44,0.91,0.11,0.17,0.79,0.98,9
Doc394,0.1,0.8,0.92,0.54,0.3,0.37,0.87,0.61,0.61,0.96,9
Doc395,0.63,0.41,0.04,0.92,0.73,0.39,0.12,0.76,0.5,0.81,3
Doc396,0.56,0.47,0.32,0.96,0.79,0.96,0.83,0.72,0.96,0.79,3
Doc397,0.38,0.79,0.72,0.78,0.69,0.25,0.44,0.23,0.42,0.53,1
Doc398,0.95,0.15,0.83,0.45,0.14,0.89,0.73,0.34,0.84,0.69,0
Doc399,0.09,0.56,0.14,0.45,0.38,0.71,0.17,0.7,0.52,0.59,5
Doc400,0.71,0.27,0.25,0.54,0.56,0.28,0.14,0.63,0.8,0.49,8
Doc401,0.54,0.35,0.24,0.92,0.37,0.78,0.37,0.25,0.94,0.9,8
Doc402,0.66,0.75,0.3,0.1,0.71,0.26,0.72,0.23,0.67,0.42,1
Doc403,0.37,0.14,0.74,0.4,0.31,0.54,0.3,0.11,0.03,0.69,2
Doc404,0.34,0.62,0.45,0.4,0.34,0.63,0.57,0.74,0.98,0.25,8
Doc405,0.1,0.37,0.96,0.76,0.03,0.43,0.75,0.14,0.12,0.58,2
Doc406,0.59,0.26,0.73,0.39,0.64,0.65,0.52,0.47,0.59,0.54,2
Doc407,0.88,0.94,0.1,0.64,0.68,0.26,0.24,0.46,0.98,0.44,8
Doc408,0.33,0.36,0.79,0.36,0.15,0.37,0.35,0.47,0.98,0.11,8
Doc409,0.44,0.57,0.55,0.81,0.61,0.69,0.53,0.94,0.59,0.43,7
Doc410,0.01,0.43,0.2,0.78,0.5,0.16,0.66,0.94,0.55,0.3,7
Doc411,0.64,0.89,0.93,0.13,0.26,0.47,0.34,0.6,0.58,0.46,2
Doc412,0.96,0.0,0.36,0.35,0.18,0.22,0.71,0.28,0.13,0.78,0
Doc413,0.33,0.69,0.74,0.01,0.19,0.51,0.4,0.88,0.03,0.93,9
Doc414,0.06,0.45,0.41,0.27,0.94,0.48,0.91,0.89,0.11,0.72,4
Doc415,0.15,0.07,0.93,0.17,0.34,0.46,0.47,0.41,0.56,0.41,2
Doc416,0.52,0.37,0.29,0.99,0.97,0.57,0.72,0.31,0.78,0.68,3
Doc417,0.72,0.5,0.58,0.17,0.53,0.11,0.99,0.79,0.57,0.68,6
Doc418,0.06,0.54,0.9,0.21,0.76,0.79,0.34,0.04,0.96,0.08,8
Doc419,0.43,0.15,0.24,0.31,0.8,0.66,0.12,0.39,0.48,0.26,4
Doc420,0.14,0.31,0.6,0.29,0.0,0.32,0.73,0.14,0.22,0.53,6
Doc421,0.25,0.66,0.98,0.02,0.03,0.77,0.72,0.95,0.07,0.6,2
Doc422,0.09,0.44,0.74,0.99,0.96,0.98,0.4,0.83,0.62,0.42,3
Doc423,0.79,0.7,0.6,0.58,0.91,0.92,0.41,0.23,0.14,0.66,5
Doc424,0.7,0.38,0.98,0.15,0.16,0.4,0.51,0.02,0.83,0.97,2
Doc425,0.49,0.19,0.97,0.94,0.04,0.13,0.27,0.61,0.06,0.74,2
Doc426,0.53,0.05,0.1,0.1,0.57,0.82,0.6,0.26,0.51,0.03,5
Doc427,0.51,0.46,0.7,0.42,0.99,0.06,0.92,0.33,0.99,0.44,4
Doc428,0.87,0.49,0.66,0.18,0.4,0.57,0.29,0.02,0.23,0.23,0
Doc429,0.45,0.54,0.1,0.33,0.75,0.86,0.42,0.73,0.04,0.47,5
Doc430,0.8,0.0,0.51,0.75,0.47,0.01,0.9,0.19,0.24,0.13,6
Doc431,0.39,0.76,0.6,0.75,0.41,0.16,0.45,0.47,0.58,0.23,1
Doc432,0.6,0.22,0.8,0.22,0.42,0.08,0.09,0.16,0.55,0.1,2
Doc433,0.93,0.13,0.28,0.78,0.74,0.38,0.38,0.53,0.6,0.92,0
Doc434,0.69,0.47,0.02,0.36,0.81,0.29,0.91,0.15,0.32,0.53,6
Doc435,0.84,0.8,0.1,0.96,0.33,0.33,0.16,0.13,0.94,0.96,3
Doc436,0.56,0.48,0.67,0.4,0.78,0.61,0.8,0.99,0.78,0.41,7
Doc437,0.22,0.51,0.62,0.15,0.36,0.32,0.99,0.51,0.72,0.9,6
Doc438,0.54,0.48,0.34,0.32,0.1,0.33,0.96,0.57,0.8,0.64,6
Doc439,0.55,0.32,0.35,0.32,0.68,0.26,0.92,0.38,0.31,0.0,6
Doc440,0.43,0.29,0.15,0.72,0.57,0.87,0.93,0.67,0.64,0.72,6
Doc441,0.74,0.97,0.22,0.29,0.17,0.31,0.55,0.98,0.08,0.08,7
Doc442,0.75,0.48,0.56,0.53,0.66,0.77,0.98,0.93,0.16,0.81,6
Doc443,0.49,0.16,0.52,0.02,0.31,0.42,0.31,0.4,0.56,1.0,9
Doc444,0.91,0.87,0.9,0.37,0.25,0.96,0.69,0.35,0.63,0.29,5
Doc445,0.99,0.55,0.21,0.06,0.93,0.08,0.53,0.67,0.09,0.58,0
Doc446,0.55,0.36,0.26,0.77,0.0,0.23,0.67,0.28,0.53,0.67,3
Doc447,0.3,0.31,0.19,0.23,0.79,0.32,0.73,0.8,0.44,0.61,7
Doc448,0.52,0.49,0.77,0.29,0.86,0.73,0.7,0.23,0.8,0.25,4
Doc449,0.53,0.57,0.91,0.27,0.38,0.4,0.54,0.57,0.95,0.54,8
Doc450,0.14,0.76,0.27,0.36,0.96,0.1,0.9,0.88,0.72,0.62,4
Doc451,0.69,0.08,0.03,0.62,1.0,0.74,0.08,0.94,0.3,0.39,4
Doc452,0.64,0.33,0.3,0.62,0.88,0.16,0.06,0.15,0.5,0.88,4
Doc453,0.86,0.33,0.59,0.38,0.66,0.9,0.27,0.95,0.69,0.96,9
Doc454,0.31,0.16,0.67,0.55,0.9,0.12,0.88,0.14,0.86,0.98,9
Doc455,0.92,0.04,0.79,0.02,0.9,0.68,0.23,0.62,0.94,0.65,8
Doc456,0.56,0.33,0.58,0.78,0.24,0.42,0.13,0.51,0.63,0.08,3
Doc457,0.65,0.1,0.14,0.32,0.06,0.74,0.72,0.35,0.26,0.86,9
Doc458,0.67,0.81,0.36,0.94,0.8,0.58,0.66,0.43,0.66,0.01,3
Doc459,0.17,0.89,0.28,0.36,0.92,0.83,0.46,0.11,0.29,0.86,4
Doc460,0.49,0.83,0.4,0.95,0.57,0.03,0.44,0.89,0.96,0.39,8
Doc461,0.57,0.47,0.55,0.56,0.59,0.45,0.1,0.18,0.06,0.53,4
Doc462,0.01,0.75,0.5,0.75,0.55,0.17,0.48,0.25,0.24,0.64,1
Doc463,0.42,0.05,0.69,0.74,0.97,0.04,0.28,0.61,0.54,0.79,4
Doc464,0.77,0.44,0.39,0.52,0.09,0.93,0.82,0.58,0.46,0.16,5
Doc465,0.33,0.07,0.52,0.5,0.98,0.06,0.01,0.04,0.85,0.14,4
Doc466,0.33,0.11,0.45,0.33,0.8,0.79,0.24,0.9,0.64,0.41,7
Doc467,0.1,0.52,0.94,0.37,0.67,0.4,0.59,0.47,0.72,0.79,2
Doc468,0.95,0.71,0.41,0.4,0.1,0.86,0.41,0.43,0.33,0.81,0
Doc469,0.43,0.66,0.7,0.37,0.4,0.36,0.12,0.84,0.97,0.69,8
Doc470,0.67,0.99,0.68,0.5,0.49,0.94,0.27,0.48,0.16,0.47,1
Doc471,0.02,0.21,0.84,0.69,0.08,0.16,0.21,0.7,0.29,0.68,2
Doc472,0.75,0.84,0.56,0.92,0.95,0.65,0.25,0.03,0.21,0.78,4
Doc473,0.88,0.12,0.58,0.69,0.14,0.82,0.74,0.81,0.57,0.48,0
Doc474,0.4,0.42,0.92,0.78,0.87,0.05,0.44,0.74,0.9,0.15,2
Doc475,0.05,0.88,0.65,0.97,0.48,0.08,0.82,0.24,0.91,0.77,3
Doc476,0.45,0.03,0.93,0.3,0.96,0.99,0.74,0.24,0.91,0.37,5
Doc477,0.51,0.28,0.86,0.95,0.42,0.98,0.21,0.7,0.35,0.31,5
Doc478,0.37,0.91,0.96,0.72,0.22,0.88,0.77,0.17,0.27,0.06,2
Doc479,0.65,0.69,0.36,0.03,0.88,0.88,0.22,0.74,0.53,0.53,4
Doc480,0.17,0.29,0.24,0.32,0.59,0.52,0.73,0.41,0.75,0.39,8
Doc481,0.99,0.14,0.15,0.52,0.83,0.99,0.14,0.04,0.11,0.87,0
Doc482,0.94,0.28,0.63,0.37,0.35,0.51,0.56,0.69,0.99,0.11,8
Doc483,0.41,0.53,0.43,0.75,0.42,0.63,0.51,0.92,0.06,0.63,7
Doc484,0.16,0.3,0.37,0.44,0.27,0.08,0.06,0.87,0.98,0.77,8
Doc485,0.07,0.79,0.77,0.83,0.48,0.5,0.17,0.44,0.12,0.13,3
Doc486,0.28,0.66,0.03,0.75,0.16,0.68,0.79,0.61,0.39,0.32,6
Doc487,0.7,0.61,0.54,0.8,0.13,0.96,0.92,0.72,0.23,0.33,5
Doc488,0.84,0.44,0.6,0.3,0.19,0.67,0.95,0.66,0.21,0.9,6
Doc489,0.31,0.91,0.51,0.21,0.14,0.54,0.36,0.27,0.24,0.72,1
Doc490,0.92,0.79,0.08,0.73,0.97,0.76,0.06,0.69,0.19,0.21,4
Doc491,0.52,0.2,0.69,0.31,0.1,0.8,0.44,0.27,0.23,0.91,9
Doc492,0.38,0.82,0.05,0.88,0.92,0.48,0.79,0.76,0.34,0.4,4
Doc493,0.26,0.3,0.16,0.07,0.55,0.81,0.16,0.83,0.15,0.34,7
Doc494,0.55,0.17,0.09,0.61,0.36,0.17,0.52,0.72,0.08,0.81,9
Doc495,0.45,0.99,0.68,0.24,0.75,0.39,0.8,0.74,0.27,0.84,1
Doc496,0.57,0.67,0.41,0.97,0.45,0.54,0.42,0.91,0.34,0.92,3
Doc497,0.55,0.22,0.58,0.03,0.51,0.96,0.73,0.44,0.56,0.81,5
Doc498,0.38,0.77,0.88,0.26,0.15,0.52,0.68,0.01,0.11,0.24,2
Doc499,0.32,0.98,0.56,0.31,0.19,0.82,0.38,0.11,0.32,0.37,1
